{
  "per_component": {
    "S1": {
      "MAE": 351.01453793540406,
      "RMSE": 490.77406213391976,
      "R2": 0.2903263843164552
    },
    "S2": {
      "MAE": 226.21995096309232,
      "RMSE": 366.1213135629525,
      "R2": 0.3317043890003649
    },
    "S3": {
      "MAE": 49.008108929841484,
      "RMSE": 65.81393071027264,
      "R2": 0.7635313428028903
    },
    "S4": {
      "MAE": 60.04195440895976,
      "RMSE": 100.69201520787199,
      "R2": 0.17205201274070536
    },
    "S5": {
      "MAE": 5.446752210903277,
      "RMSE": 13.624881801218574,
      "R2": 0.11397211413354869
    },
    "S6": {
      "MAE": 11.422941401076404,
      "RMSE": 19.135172366869455,
      "R2": 0.4615376024296519
    }
  },
  "macro_avg": {
    "MAE": 117.19237430821288,
    "RMSE": 176.02689596385082,
    "R2": 0.35552064090393604
  }
}