{
  "rmse_full": [
    125.18654181656288,
    112.2582274387571,
    10.569689583568987,
    20.424775185998207,
    6.586430584057581,
    6.975505655186927
  ],
  "r2_full": [
    0.956298697832082,
    0.9225375108998685,
    0.9718067732013028,
    0.9663895319990717,
    0.795732705221587,
    0.8751791581420871
  ],
  "rmse_final": [
    332.5308858350339,
    236.80939030899262,
    24.206726245297943,
    53.41197610938687,
    12.951201163037695,
    14.241942218947333
  ],
  "r2_final": [
    0.7734020915345124,
    0.7813245070454051,
    0.9353074152385497,
    0.9011055448027687,
    0.16707062382831284,
    0.636764101192702
  ],
  "mean_max_error": 252.19076831258403,
  "total_eval_time_s": 299.1421,
  "avg_time_per_sample_s": 0.808492
}