{
  "epoch": [
    1,
    2,
    3,
    4,
    5,
    6,
    7,
    8,
    9,
    10,
    11,
    12,
    13,
    14,
    15,
    16,
    17,
    18,
    19,
    20,
    21,
    22,
    23,
    24,
    25,
    26,
    27,
    28,
    29,
    30
  ],
  "train_loss": [
    0.25165475888810396,
    0.13953699878289672,
    0.11417893295117096,
    0.097688252718789,
    0.09665895589149692,
    0.08321130229349227,
    0.07157019654311572,
    0.06727211855866105,
    0.056914154364549746,
    0.06583060998424223,
    0.05682523757047921,
    0.056335687173558184,
    0.05104870690947779,
    0.05086161953136224,
    0.05234629475840535,
    0.05140272373174782,
    0.049020951195381815,
    0.04311884443637321,
    0.041231100645334695,
    0.038584034975633244,
    0.03855306375141637,
    0.03685977058901032,
    0.03477243473186222,
    0.037045130125563264,
    0.032504360170099826,
    0.031331710093963454,
    0.03144353787075723,
    0.028472399235739597,
    0.029826664432621133,
    0.028209010297898834
  ],
  "val_infer_loss": [
    0.4866967044972085,
    0.3865874060102411,
    0.43505410986977655,
    0.3938537626653104,
    0.2630178306553815,
    0.2766892181860434,
    0.24910880117803005,
    0.19501517012312605,
    0.21264846139662974,
    0.23788002262244354,
    0.20389650995666916,
    0.20741098813108497,
    0.2259778833872563,
    0.1643945416083207,
    0.15678950910632675,
    0.17863953105501226,
    0.20257865319380888,
    0.1517777415546211,
    0.18699806662830146,
    0.15220156291852127,
    0.1209593933981818,
    0.127014317947465,
    0.14507066333616103,
    0.10728236694593687,
    0.13316393993996284,
    0.1476506214689564,
    0.10744216579037744,
    0.13766030355079753,
    0.1194770023226738,
    0.09762789228477993
  ],
  "grad_norm": [
    0.888546587304866,
    0.5708178262761299,
    0.5575902601505848,
    0.5058996046477175,
    0.6216642152755818,
    0.4811766455148129,
    0.44294019011740987,
    0.3963239373678857,
    0.3806817652063167,
    0.5218578361450358,
    0.3946893722453016,
    0.4125150629180543,
    0.45140466220835423,
    0.4560014025328007,
    0.42523379053207155,
    0.45301779597363573,
    0.5144187199308518,
    0.4484533385393467,
    0.4265816271939176,
    0.42882854126869363,
    0.4806856741296484,
    0.46435283726834237,
    0.46258726050245,
    0.5325014039557031,
    0.44847159690045296,
    0.4035893444051134,
    0.4147117832239638,
    0.3918507479606791,
    0.4660690838986255,
    0.3660740481412157
  ],
  "roughness": [
    0.0012642357032746077,
    0.002702254569157958,
    0.0027523650981796286,
    0.00222292059333995,
    0.0015336591362332304,
    0.001233222186177348,
    0.0009484922338742763,
    0.0009301301276233668,
    0.0009467622342829903,
    0.0009597831861659264,
    0.0009282557827342922,
    0.0009251473529729992,
    0.0010707048058975488,
    0.0010066951217595488,
    0.0008833496637331942,
    0.0009084188980826488,
    0.000905288390640635,
    0.0008014441967437355,
    0.0008771402790443972,
    0.0007830813847249374,
    0.0007292611068502689,
    0.0007467629960350072,
    0.0006173269381785454,
    0.0006669513022643514,
    0.0007925567188067362,
    0.0009286980105874439,
    0.0006461514664503435,
    0.0006362458346605612,
    0.0009754706892029693,
    0.0008649856439054323
  ],
  "rmse": [
    [
      371.22106598302435,
      283.0497973948096,
      34.391219143303296,
      77.50546048318863,
      10.237659351719008,
      11.551013244581268
    ],
    [
      307.8433000347019,
      314.8200124006611,
      20.157456586486052,
      68.34544527356275,
      9.226748324092691,
      10.234736822573884
    ],
    [
      430.34995958087575,
      323.0941301598143,
      15.65414616473056,
      68.99555739723753,
      8.700639617602157,
      9.76149624722872
    ],
    [
      293.5907034880934,
      353.9022979593088,
      17.824669075520177,
      70.76338938893315,
      8.613434328888237,
      9.659597400351732
    ],
    [
      221.94215023786603,
      220.20285735855057,
      14.088784383644509,
      62.47241049313783,
      8.646205055363994,
      9.28196998317428
    ],
    [
      212.9918175851479,
      276.1391263002356,
      15.18940763815906,
      55.1798686415801,
      8.770699317718334,
      9.123262677313042
    ],
    [
      179.13972812273326,
      223.8115885290394,
      14.155875216229303,
      58.81038775586442,
      9.186226192073034,
      8.941283903760192
    ],
    [
      210.56065806696236,
      178.34143612753218,
      12.458830011942206,
      45.79318075210631,
      8.046751695119559,
      8.414502900191476
    ],
    [
      188.59744833682072,
      226.61786330134592,
      13.667645053051976,
      45.5243990172736,
      8.422108350028727,
      8.212205909470105
    ],
    [
      163.50179714364992,
      206.57333674950445,
      13.842407425001522,
      64.54126842768594,
      9.203678033419836,
      7.830370927490478
    ],
    [
      167.33653651256046,
      207.1867860674692,
      13.525454232874639,
      50.566343876280534,
      8.749096928843397,
      7.498171915452621
    ],
    [
      169.11767268812176,
      179.5085698516127,
      14.117884972044322,
      53.17903164736011,
      8.918853876189624,
      8.247349620540252
    ],
    [
      168.79119441024915,
      198.21667635545194,
      13.46691050780557,
      59.52956741506012,
      8.59392992758663,
      8.744761251952868
    ],
    [
      143.71586339321792,
      164.1015814497091,
      12.333665216782356,
      39.644090706609994,
      8.756821442581332,
      7.372780924970087
    ],
    [
      140.11399872083956,
      156.323526209278,
      11.997268310810904,
      42.503647909471745,
      8.091227353525502,
      7.495375695266883
    ],
    [
      168.57748967607606,
      179.78472309505293,
      14.848042166987032,
      49.6287635900086,
      7.777093622520029,
      7.1887843661168835
    ],
    [
      175.84060717085708,
      173.07280723055948,
      12.333379351002712,
      59.04321910035668,
      7.888105179700588,
      8.314385095624836
    ],
    [
      147.36208019944627,
      148.8897502119812,
      13.518915291221624,
      42.327258967719864,
      7.603885952724554,
      7.447785659575401
    ],
    [
      150.98052370216055,
      166.7588436534522,
      10.612673521192365,
      63.37308268399048,
      7.386892305082713,
      7.4098174687011795
    ],
    [
      161.09470668484218,
      171.8489227577755,
      13.638884817635802,
      36.26890964437585,
      7.3078194404820405,
      7.508357959738548
    ],
    [
      130.62944114483318,
      120.63692903028051,
      11.359980962567358,
      39.67039116418331,
      6.767828120121262,
      6.89235363056441
    ],
    [
      132.28690362861434,
      120.76355291429718,
      13.074734663783255,
      41.406683374278,
      6.923063466334228,
      6.902142496027833
    ],
    [
      132.10014337048548,
      139.46558906508847,
      14.470940614311345,
      44.751968412642555,
      7.822990013310359,
      6.512202263418135
    ],
    [
      129.0774725817941,
      119.26012403130215,
      15.27365736921583,
      26.230918319079525,
      6.962238347482269,
      6.150439391114389
    ],
    [
      126.89181045546287,
      127.66710304274565,
      11.329040833551781,
      42.92904733792856,
      7.069726314312971,
      7.327070635719006
    ],
    [
      138.88576712711892,
      122.2730794449678,
      11.347948751067092,
      57.02596823357263,
      6.42855546950255,
      7.062259019262352
    ],
    [
      125.3537574604651,
      112.34946577714804,
      11.51386345879708,
      37.05092068578678,
      6.619959742001716,
      6.129200103133628
    ],
    [
      126.90162760784794,
      115.97621566165128,
      12.835415918007568,
      38.29796715799387,
      8.55381995407987,
      6.6773684961478805
    ],
    [
