{
  "mean": [
    -36.461858146293366,
    -32.18422647575308,
    -19.479301229317265,
    -32.109814338064844,
    -4.686756620856573,
    -5.372862813913384
  ],
  "std": [
    560.624279810509,
    319.74905832496756,
    58.92216754968434,
    108.18976551522208,
    14.39093224841012,
    16.085287968973613
  ]
}