{
  "rmse_full": [
    567.7777492606841,
    378.15506111188074,
    49.736941337933,
    110.38462933275514,
    14.186595865661582,
    18.44248490759138
  ],
  "r2_full": [
    0.10104939192381979,
    0.12098776172535108,
    0.3757213719132365,
    0.01830360300938938,
    0.05233466757556693,
    0.12748160755752436
  ],
  "rmse_final": [
    659.6752642592477,
    581.1639369811166,
    72.87751801857472,
    14.62960375935715,
    2.8942913198335396,
    30.81244197651548
  ],
  "r2_final": [
    0.13190156547296572,
    0.09230281325753376,
    0.34448230002634384,
    0.11475762418005442,
    -6.284003822505265,
    -0.0831819844054218
  ],
  "mean_max_error": 614.7357485516029,
  "total_eval_time_s": 45.4078,
  "avg_time_per_sample_s": 0.122724
}