{
  "rmse_full": [
    93.77708631323657,
    381.2675637545871,
    15.30832684396256,
    62.66009909003616,
    7.679274803724316,
    10.20409342533207
  ],
  "r2_full": [
    0.3155720433797575,
    0.6819237701076958,
    0.9436165820135315,
    0.4246129830883987,
    0.8090092407802266,
    0.7531700212027947
  ],
  "rmse_final": [
    172.27237144952676,
    717.6762733699924,
    55.922490305644104,
    91.63537489536705,
    30.65143571100329,
    27.584767792721173
  ],
  "r2_final": [
    0.09973178643606573,
    -1.7288452011872923,
    0.8530079278072444,
    0.4061348964466579,
    -0.1694256818195361,
    -0.26323806968252983
  ],
  "mean_max_error": 543.5664075575571,
  "total_eval_time_s": 24.7317,
  "avg_time_per_sample_s": 0.066842
}