{
  "mean": [
    -0.000564841705668084,
    -0.0004437478253776713,
    -0.00018365439718548798,
    -0.001851409930678628,
    -0.0015068470719167316,
    -0.001888965981816238,
    -1.0130209651553337,
    0.4754804846075778,
    0.5553581698240866,
    0.0,
    0.0
  ],
  "std": [
    0.006860720622684434,
    0.007014407117381868,
    0.004714667044624657,
    0.004954360948650659,
    0.004378654113967772,
    0.005095768246835883,
    1.4555528531525403,
    0.32573343478309585,
    0.32417542139374056,
    1e-08,
    1e-08
  ]
}