{
  "mean": [
    -0.000564841705668084,
    -0.0004437478253776713,
    -0.00018365439718548798,
    -0.001851409930678628,
    -0.0015068470719167316,
    -0.001888965981816238,
    -1.0130209651553337,
    0.4754804846075778,
    0.5553581698240866,
    0.0,
    0.0
  ],
  "std": [
    0.0068607206226844325,
    0.007014407117381862,
    0.004714667044624658,
    0.004954360948650658,
    0.004378654113967773,
    0.005095768246835885,
    1.4555528531525406,
    0.32573343478309574,
    0.3241754213937413,
    1e-08,
    1e-08
  ]
}