{
  "rmse_full": [
    94.01087330619397,
    384.09258673673367,
    15.412211898967623,
    63.00503192876145,
    7.810829649010834,
    10.497499288506896
  ],
  "r2_full": [
    0.31215522134591966,
    0.6771927006067457,
    0.9428487294318347,
    0.41826073817004217,
    0.8024094049707469,
    0.7387713769539714
  ],
  "rmse_final": [
    172.631625089135,
    718.8628809247039,
    56.09401735161975,
    91.0085573270328,
    30.65880880606511,
    28.195289748150614
  ],
  "r2_final": [
    0.09597306573678555,
    -1.7378764186493334,
    0.8521048284288495,
    0.41423159356140793,
    -0.16998835195554318,
    -0.31977429185234474
  ],
  "mean_max_error": 545.6700638659162,
  "total_eval_time_s": 23.6058,
  "avg_time_per_sample_s": 0.174858
}