{
  "mean": [
    -0.0003255154398845015,
    -0.00023315689060864428,
    -0.00041309721322301874,
    -0.0007849179483886985,
    -0.0010775130991666057,
    -0.0011541976175847256,
    -0.3246814695909373,
    0.11927190225154112,
    0.1399470474364757,
    0.0,
    0.0
  ],
  "std": [
    0.005179264016845205,
    0.0062197809854021915,
    0.0061975762342112,
    0.004710785312091171,
    0.005658630636377134,
    0.006142871132771056,
    0.8942961949211397,
    0.2630422427155292,
    0.2905980047878007,
    1e-08,
    1e-08
  ]
}