{
  "per_component": {
    "S1": {
      "MAE": 175.7324235060477,
      "RMSE": 224.35036152094682,
      "R2": -0.39049652549942704
    },
    "S2": {
      "MAE": 330.88885307395043,
      "RMSE": 646.6375955806716,
      "R2": 0.07118182735571554
    },
    "S3": {
      "MAE": 49.17743611856337,
      "RMSE": 78.84427800262881,
      "R2": 0.7200367163589586
    },
    "S4": {
      "MAE": 41.152412033435134,
      "RMSE": 67.37154513436538,
      "R2": 0.2497429916398829
    },
    "S5": {
      "MAE": 7.516576355590013,
      "RMSE": 15.918859048373827,
      "R2": 0.051957390395911296
    },
    "S6": {
      "MAE": 13.350907380987717,
      "RMSE": 27.99833631026466,
      "R2": 0.3078923990926761
    }
  },
  "macro_avg": {
    "MAE": 102.96976807809573,
    "RMSE": 176.85349593287518,
    "R2": 0.16838579989061955
  }
}