{
  "per_component": {
    "S1": {
      "MAE": 320.77752389216306,
      "RMSE": 481.57729205684245,
      "R2": 0.3166747697700132
    },
    "S2": {
      "MAE": 222.40105575909658,
      "RMSE": 353.50387721025777,
      "R2": 0.376972884973916
    },
    "S3": {
      "MAE": 41.47113638744553,
      "RMSE": 62.38468715216361,
      "R2": 0.7875318047254661
    },
    "S4": {
      "MAE": 44.85339457127016,
      "RMSE": 89.16834561230539,
      "R2": 0.35071643894188753
    },
    "S5": {
      "MAE": 4.8015308793944005,
      "RMSE": 13.609730441881265,
      "R2": 0.11594160829851297
    },
    "S6": {
      "MAE": 10.30928006917819,
      "RMSE": 20.950738481454092,
      "R2": 0.354510332342417
    }
  },
  "macro_avg": {
    "MAE": 107.43565359309132,
    "RMSE": 170.19911182581743,
    "R2": 0.3837246398420355
  }
}