{
  "rmse_full": [
    82.86803198143458,
    346.40376856639074,
    11.997537585190907,
    49.18965005010906,
    6.044740257776759,
    8.006837387107566
  ],
  "r2_full": [
    0.35837119084800495,
    0.6822215149195645,
    0.9590247798017936,
    0.5788480254432287,
    0.8611332319871475,
    0.8224668453644892
  ],
  "rmse_final": [
    150.7088595766291,
    689.347466128142,
    33.204688285414065,
    88.36381352929179,
    16.813086373811302,
    17.701103816483293
  ],
  "r2_final": [
    0.2932400201616221,
    0.2835080691848748,
    0.9044790670637242,
    0.5364926750426042,
    0.19365618691505626,
    0.3896265009602463
  ],
  "mean_max_error": 498.39603114755704,
  "total_eval_time_s": 22.709,
  "avg_time_per_sample_s": 0.061376
}