{
  "per_component": {
    "S1": {
      "MAE": 51.983489594201984,
      "RMSE": 130.53249939490954,
      "R2": 0.9497966424437613
    },
    "S2": {
      "MAE": 26.28045320345107,
      "RMSE": 53.46567706477776,
      "R2": 0.9857482325566344
    },
    "S3": {
      "MAE": 10.665377259856998,
      "RMSE": 17.197132503036805,
      "R2": 0.9838545556915081
    },
    "S4": {
      "MAE": 5.608240623933989,
      "RMSE": 9.481829576843927,
      "R2": 0.9926582890887374
    },
    "S5": {
      "MAE": 2.3946270638905562,
      "RMSE": 15.37422144045688,
      "R2": -0.128153429692212
    },
    "S6": {
      "MAE": 3.6769326772042525,
      "RMSE": 11.03335718251895,
      "R2": 0.8209781754882624
    }
  },
  "macro_avg": {
    "MAE": 16.76818673708981,
    "RMSE": 39.51411952709065,
    "R2": 0.7674804109294486
  }
}