{
  "per_component": {
    "S1": {
      "MAE": 298.8276179883242,
      "RMSE": 463.7173076319899,
      "R2": 0.36641911381036085
    },
    "S2": {
      "MAE": 219.92269840340288,
      "RMSE": 345.41321215491564,
      "R2": 0.4051650524769239
    },
    "S3": {
      "MAE": 41.982188971860054,
      "RMSE": 62.127865100374976,
      "R2": 0.7892775600390713
    },
    "S4": {
      "MAE": 45.76355319720352,
      "RMSE": 90.52904809933554,
      "R2": 0.33074920317072665
    },
    "S5": {
      "MAE": 5.0065069828246385,
      "RMSE": 13.562834247898552,
      "R2": 0.12202366035204149
    },
    "S6": {
      "MAE": 10.153341533805365,
      "RMSE": 19.87457399382843,
      "R2": 0.41912019197002337
    }
  },
  "macro_avg": {
    "MAE": 103.60931784623678,
    "RMSE": 165.8708068713905,
    "R2": 0.4054591303031912
  }
}