{
  "mean": [
    -16.764049349096034,
    -15.336680895086852,
    -17.1262589875846,
    -8.649844392284079,
    -1.689136806990392,
    -1.602965115796459
  ],
  "std": [
    240.0567632178037,
    167.15250075718106,
    73.37442343060138,
    65.9667661058319,
    10.562270501715128,
    11.04534542661878
  ]
}