{
  "rmse_full": [
    90.10330862365468,
    74.52872181573409,
    26.19511300325884,
    23.125626727125177,
    7.9475604066939125,
    8.802633396013885
  ],
  "r2_full": [
    0.9336894205578211,
    0.9404684806643443,
    0.9779250715935505,
    0.9481742505052326,
    0.7956955094344627,
    0.9070808248049327
  ],
  "rmse_final": [
    116.59520603556665,
    101.464850256831,
    38.710007661087346,
    30.323451901798723,
    10.351910383155298,
    11.027972930851417
  ],
  "r2_final": [
    0.8710942747669033,
    0.8818317693054487,
    0.9533135427541279,
    0.9079290552743068,
    0.6805818543085045,
    0.8598984290093071
  ],
  "mean_max_error": 80.14208563469943,
  "total_eval_time_s": 8.1441,
  "avg_time_per_sample_s": 0.001399
}