{
  "input": {
    "mean": [
      0.0009250654139988961,
      0.014345803569563843,
      1.6594182003943891,
      -0.029940620805869,
      -0.08152302427903492,
      -0.13329561272078738,
      -1.15764350988615,
      0.5011160819444684,
      0.5826257653610054,
      0.0,
      0.0
    ],
    "std": [
      0.10664556326833727,
      0.0824500638611079,
      5.476763480420094,
      0.07031950662817621,
      9.101906552389448,
      7.509425246330625,
      1.4915666365165368,
      0.30701056391430254,
      0.3035613211887514,
      1e-08,
      1e-08
    ]
  },
  "target": {
    "mean": [
      -58.168526377030204,
      -45.69148291539879,
      -124.61890562477402,
      -28.938153278733747,
      -3.2582692078416935,
      -7.468970604625921
    ],
    "std": [
      326.10599366507915,
      319.5698444163548,
      173.60587998466605,
      98.20210103945558,
      26.139148346717572,
      31.233962464313255
    ]
  }
}