{
  "per_component": {
    "S1": {
      "MAE": 370.0823967223989,
      "RMSE": 474.90248513156183,
      "R2": -2.913641058073564
    },
    "S2": {
      "MAE": 185.99525990870708,
      "RMSE": 336.07073228720975,
      "R2": -3.042365958823159
    },
    "S3": {
      "MAE": 84.3401298109473,
      "RMSE": 189.56998742357976,
      "R2": -5.674976794901627
    },
    "S4": {
      "MAE": 39.961191166207065,
      "RMSE": 69.37344075967985,
      "R2": -0.10595150047262258
    },
    "S5": {
      "MAE": 25.942214015915113,
      "RMSE": 37.610062145800526,
      "R2": -11.679248998437258
    },
    "S6": {
      "MAE": 92.00086292478653,
      "RMSE": 124.0399086124155,
      "R2": -125.11428192041315
    }
  },
  "macro_avg": {
    "MAE": 133.05367575816035,
    "RMSE": 205.2611027267079,
    "R2": -24.755077705186896
  }
}