{
  "rmse_full": [
    116.07876754453513,
    96.04977702590463,
    11.033276349939738,
    18.346695516740937,
    4.635028154769405,
    4.567868853950755
  ],
  "r2_full": [
    0.9657927211203119,
    0.9483209911502466,
    0.9716963544546969,
    0.9751003726794495,
    0.9070918823365155,
    0.9504334053324044
  ],
  "rmse_final": [
    276.73743809685885,
    201.70508321968686,
    22.25474627147531,
    43.09396848842329,
    7.881761804064418,
    9.970924268245499
  ],
  "r2_final": [
    0.8430621311869433,
    0.841351503342116,
    0.9453201039320324,
    0.9356234602362384,
    0.6915145443899802,
    0.8219585346661114
  ],
  "mean_max_error": 212.85980318009368,
  "total_eval_time_s": 42.6408,
  "avg_time_per_sample_s": 0.115245
}