{
  "input": {
    "mean": [
      -0.0004957924759157583,
      -0.00047308086661738497,
      -0.00023548461507553933,
      -0.00192293363527172,
      -0.0016567945804110964,
      -0.0019073011513855574,
      -1.0465839944175388,
      0.4049291694857916,
      0.47313853179972937,
      0.0,
      0.0
    ],
    "std": [
      0.00660127352706696,
      0.006875251717292437,
      0.004750982432062792,
      0.005047197881537439,
      0.004535782209858296,
      0.005150931702085131,
      1.4377934298676802,
      0.3402862743388207,
      0.3566181245100447,
      1e-08,
      1e-08
    ]
  },
  "target": {
    "mean": [
      -31.2790972966675,
      -28.972647247834455,
      -19.520341593417964,
      -30.017434383525483,
      -5.2184922728326555,
      -5.4259289459371765
    ],
    "std": [
      493.1963040037028,
      403.9750348934616,
      59.30111560223623,
      102.74734048415272,
      15.120741116466927,
      16.314594182618585
    ]
  }
}